Algorithm,Rank,Node,Score,NetworkX Score,Difference
power,1,4237224,0.000087,0.000098,0.000010
power,2,3813316,0.000075,0.000078,0.000003
power,3,3932805,0.000043,0.000033,0.000010
power,4,4395486,0.000039,0.000042,0.000003
power,5,4298685,0.000036,0.000042,0.000006
power,6,4683195,0.000036,0.000036,0.000000
power,7,3778614,0.000033,0.000030,0.000003
power,8,4683202,0.000033,0.000033,0.000000
power,9,4358535,0.000030,0.000032,0.000002
power,10,3950357,0.000030,0.000032,0.000001
