Algorithm,Rank,Node,Score,NetworkX Score,Difference
power,1,8737,0.000170,0.000170,0.000001
power,2,2914,0.000150,0.000154,0.000004
power,3,18964,0.000105,0.000112,0.000007
power,4,1220,0.000091,0.000088,0.000003
power,5,2409,0.000086,0.000083,0.000003
power,6,10029,0.000084,0.000083,0.000000
power,7,214538,0.000077,0.000072,0.000005
power,8,7343,0.000073,0.000072,0.000001
power,9,39295,0.000069,0.000074,0.000005
power,10,38283,0.000069,0.000058,0.000011
